{"train/box_loss": 0.32499, "train/cls_loss": 0.1913, "train/dfl_loss": 0.82235, "_timestamp": 1686714407.244913, "lr/pg0": 0.003565, "lr/pg1": 0.003565, "lr/pg2": 0.003565, "metrics/precision(B)": 0.98895, "metrics/recall(B)": 0.99115, "metrics/mAP50(B)": 0.99478, "metrics/mAP50-95(B)": 0.97398, "val/box_loss": 0.25262, "val/cls_loss": 0.13503, "val/dfl_loss": 0.80973, "train_batch0": {"_type": "image-file", "sha256": "ece1bd24ae13da58f17a7400d30a5023212ebf340fb3902c558db68670e13ad2", "size": 584474, "path": "media/images/train_batch0_1_ece1bd24ae13da58f17a.jpg", "format": "jpg", "width": 1920, "height": 1920}, "train_batch1": {"_type": "image-file", "sha256": "e566e81856e0ba7f03b98b743d2547c6543c8b5d7fe39ff1b1b2a73b3303e1b4", "size": 564064, "path": "media/images/train_batch1_1_e566e81856e0ba7f03b9.jpg", "format": "jpg", "width": 1920, "height": 1920}, "train_batch2": {"_type": "image-file", "sha256": "5f4005e0d2d57209c4775c76841a9b9abebf8f4abc89a61927734fd37d4305c0", "size": 565632, "path": "media/images/train_batch2_1_5f4005e0d2d57209c477.jpg", "format": "jpg", "width": 1920, "height": 1920}, "model/parameters": 25856899, "model/GFLOPs": 0.0, "model/speed_PyTorch(ms)": 3.759, "_runtime": 20975.011728048325, "_step": 132}