{"train/box_loss": 0.23936, "train/cls_loss": 0.14589, "train/dfl_loss": 0.80135, "_timestamp": 1686808431.137605, "lr/pg0": 0.00024850000000000013, "lr/pg1": 0.00024850000000000013, "lr/pg2": 0.00024850000000000013, "metrics/precision(B)": 0.99109, "metrics/recall(B)": 0.9906, "metrics/mAP50(B)": 0.99478, "metrics/mAP50-95(B)": 0.97563, "val/box_loss": 0.24039, "val/cls_loss": 0.13246, "val/dfl_loss": 0.80639, "_runtime": 7788.179167985916, "_step": 199}