{"train/box_loss": 0.29979, "train/cls_loss": 0.17855, "train/dfl_loss": 0.81476, "_timestamp": 1686756693.3403711, "lr/pg0": 0.0027235000000000002, "lr/pg1": 0.0027235000000000002, "lr/pg2": 0.0027235000000000002, "metrics/precision(B)": 0.98988, "metrics/recall(B)": 0.99112, "metrics/mAP50(B)": 0.99479, "metrics/mAP50-95(B)": 0.97437, "val/box_loss": 0.24777, "val/cls_loss": 0.13245, "val/dfl_loss": 0.80901, "_runtime": 8779.306056022644, "_step": 149}